{"cameraMode":{"drawMode":0,"name":"Shaded","section":"Shading Mode"},"sceneLighting":false,"audioPlay":false,"sceneViewState":{"showFog":true,"showMaterialUpdate":false,"showSkybox":false,"showFlares":true,"showImageEffects":true,"showParticleSystems":true},"in2DMode":false,"pivot":{"x":1.3379324674606324,"y":0.5453696250915527,"z":1.6109604835510255},"rotation":{"x":0.2481646090745926,"y":-0.013924101367592812,"z":0.003571209730580449,"w":0.9686200618743897},"size":0.657124400138855,"orthographic":true}