{"cameraMode":{"drawMode":0,"name":"Shaded","section":"Shading Mode"},"sceneLighting":true,"audioPlay":false,"sceneViewState":{"showFog":true,"showMaterialUpdate":false,"showSkybox":true,"showFlares":true,"showImageEffects":true,"showParticleSystems":true},"in2DMode":false,"pivot":{"x":3.0999999046325685,"y":0.05071002244949341,"z":0.19160997867584229},"rotation":{"x":-0.022807132452726365,"y":0.007464893162250519,"z":-0.0001723744353512302,"w":-0.9997230172157288},"size":2.943920373916626,"orthographic":true}